Title,Status,Priority,Due date,Assignee,Created by,Created at
Write the About page,To Do,Medium,2026-10-13,sam@taskforge.dev,sam@taskforge.dev,2026-10-07T11:31:55+00:00
Add analytics,To Do,Low,2026-10-17,,demo@taskforge.dev,2026-10-07T11:31:55+00:00
Accessibility audit,To Do,High,2026-10-09,demo@taskforge.dev,demo@taskforge.dev,2026-10-07T11:31:55+00:00
Set up 301 redirects from the old site,To Do,Medium,2026-10-05,priya@taskforge.dev,sam@taskforge.dev,2026-10-07T11:31:55+00:00
Launch announcement email,To Do,Low,2026-10-21,,demo@taskforge.dev,2026-10-07T11:31:55+00:00
Compress hero images,In Progress,Medium,2026-10-11,priya@taskforge.dev,priya@taskforge.dev,2026-10-07T11:31:55+00:00
Set up hosting and SSL,In Progress,High,2026-10-06,sam@taskforge.dev,demo@taskforge.dev,2026-10-07T11:31:55+00:00
Build the contact form,In Progress,High,2026-10-08,demo@taskforge.dev,priya@taskforge.dev,2026-10-07T11:31:55+00:00
Choose a font pairing,Done,Low,,priya@taskforge.dev,priya@taskforge.dev,2026-10-07T11:31:55+00:00
Write pricing page copy,Done,Medium,2026-10-04,sam@taskforge.dev,demo@taskforge.dev,2026-10-07T11:31:55+00:00
Design the homepage hero,Done,High,2026-10-01,demo@taskforge.dev,priya@taskforge.dev,2026-10-07T11:31:55+00:00
